{
	"initialView": {
		"center": [60.391564, 5.961366],
			"zoom": 6.4
	}
}


